Workbook
Name Slicer_Name: #N/A

Sheet vlookup formula
A1: marks | B1: rollno | C1: name | D1: gender
A2: 78 | B2: 101 | C2: Aman | D2: f
A3: 65 | B3: 102 | C3: Ravi | D3: m
A4: 89 | B4: 103 | C4: Aman | D4: f
A5: 55 | B5: 104 | C5: Pooja | D5: m
A6: 100 | B6: 105 | C6: neha | D6: m

Sheet Sheet8

Sheet hlookup formula
A1: A | B1: B | C1: C | D1: D | E1: E | F1: F
A2: 1 (Roll No) | B2: 101 | C2: 102 | D2: 103 | E2: 104 | F2: 105
A3: 2 (Name) | B3: Aman | C3: Ravi | D3: Neha | E3: Pooja | F3: Karan
A4: 3 (Marks) | B4: 78 | C4: 65 | D4: 89 | E4: 55 | F4: 72

Sheet Sheet2
A1: rollno | B1: name | C1: marks
A2: 101 | B2: =INDEX('vlookup formula'!$A$1:$D$6,MATCH(Sheet2!A2,'vlookup formula'!$B$1:$B$6,0),3) -> Aman | C2: =INDEX('vlookup formula'!$A$1:$D$6,MATCH(Sheet2!A2,'vlookup formula'!$B$1:$B$6,0),1) -> 78
A3: 103 | B3: =INDEX('vlookup formula'!$A$1:$D$6,MATCH(Sheet2!A3,'vlookup formula'!$B$1:$B$6,0),3) -> Aman | C3: =INDEX('vlookup formula'!$A$1:$D$6,MATCH(Sheet2!A3,'vlookup formula'!$B$1:$B$6,0),1) -> 89
A4: 105 | B4: =INDEX('vlookup formula'!$A$1:$D$6,MATCH(Sheet2!A4,'vlookup formula'!$B$1:$B$6,0),3) -> neha | C4: =INDEX('vlookup formula'!$A$1:$D$6,MATCH(Sheet2!A4,'vlookup formula'!$B$1:$B$6,0),1) -> 100
A5: 101 | B5: =INDEX('vlookup formula'!$A$1:$D$6,MATCH(Sheet2!A5,'vlookup formula'!$B$1:$B$6,0),3) -> Aman | C5: =INDEX('vlookup formula'!$A$1:$D$6,MATCH(Sheet2!A5,'vlookup formula'!$B$1:$B$6,0),1) -> 78
A6: 102 | B6: =INDEX('vlookup formula'!$A$1:$D$6,MATCH(Sheet2!A6,'vlookup formula'!$B$1:$B$6,0),3) -> Ravi | C6: =INDEX('vlookup formula'!$A$1:$D$6,MATCH(Sheet2!A6,'vlookup formula'!$B$1:$B$6,0),1) -> 65
A9: rollno | B9: name | C9: marks
A10: 101 | B10: =INDEX('vlookup formula'!A1:D6,MATCH(Sheet2!A10,'vlookup formula'!B1:B6,0),3) -> Aman | C10: =INDEX('vlookup formula'!A1:D6,MATCH(Sheet2!A10,'vlookup formula'!B1:B6,0),1) -> 78
A11: 103 | B11: =INDEX('vlookup formula'!A2:D7,MATCH(Sheet2!A11,'vlookup formula'!B2:B7,0),3) -> Aman | C11: =INDEX('vlookup formula'!A2:D7,MATCH(Sheet2!A11,'vlookup formula'!B2:B7,0),1) -> 89
A12: 105 | B12: =INDEX('vlookup formula'!A3:D8,MATCH(Sheet2!A12,'vlookup formula'!B3:B8,0),3) -> neha | C12: =INDEX('vlookup formula'!A3:D8,MATCH(Sheet2!A12,'vlookup formula'!B3:B8,0),1) -> 100
A13: 101 | B13: =INDEX('vlookup formula'!A4:D9,MATCH(Sheet2!A13,'vlookup formula'!B4:B9,0),3) -> #N/A | C13: =INDEX('vlookup formula'!A4:D9,MATCH(Sheet2!A13,'vlookup formula'!B4:B9,0),1) -> #N/A
A14: 102 | B14: =INDEX('vlookup formula'!A5:D10,MATCH(Sheet2!A14,'vlookup formula'!B5:B10,0),3) -> #N/A | C14: =INDEX('vlookup formula'!A5:D10,MATCH(Sheet2!A14,'vlookup formula'!B5:B10,0),1) -> #N/A

Sheet spaklines
A1: S.No | B1: Name | C1: Hindi | D1: English | E1: Math | F1: Science | G1: line | H1: column | I1: winloss | J1: total
A2: 1 | B2: Aman | C2: 78 | D2: 82 | E2: 69 | F2: 75 | J2: =SUM(C2:F2) -> 304
A3: 12 | B3: Anjali | C3: 92 | D3: 88 | E3: 95 | F3: 90 | J3: =SUM(C3:F3) -> 365
A4: 7 | B4: Arjun | C4: 60 | D4: 64 | E4: -55 | F4: 58 | J4: =SUM(C4:F4) -> 127 | L4: golden future it tech academy
A5: 11 | B5: Deepak | C5: 69 | D5: 65 | E5: 71 | F5: 67 | J5: =SUM(C5:F5) -> 272
A6: 5 | B6: Karan | C6: 72 | D6: 68 | E6: 74 | F6: 70 | J6: =SUM(C6:F6) -> 284
A7: 8 | B7: Meena | C7: 83 | D7: -78 | E7: 80 | F7: 76 | J7: =SUM(C7:F7) -> 161
A8: 3 | B8: Neha | C8: 88 | D8: 90 | E8: 85 | F8: 87 | J8: =SUM(C8:F8) -> 350 | K8: hlookup formula
A9: 4 | B9: Pooja | C9: 55 | D9: 60 | E9: 58 | F9: 62 | J9: =SUM(C9:F9) -> 235
A10: 10 | B10: Priya | C10: 76 | D10: 81 | E10: 73 | F10: 78 | J10: =SUM(C10:F10) -> 308
A11: 2 | B11: Ravi | C11: 65 | D11: 70 | E11: 72 | F11: 68 | J11: =SUM(C11:F11) -> 275
A12: 9 | B12: Rohit | C12: 47 | D12: 52 | E12: 49 | F12: 45 | J12: =SUM(C12:F12) -> 193 | K12: limk
A13: 6 | B13: Simran | C13: 91 | D13: 85 | E13: 89 | F13: 92 | J13: =SUM(C13:F13) -> 357
J14: =SUBTOTAL(9,J2:J13) -> 2098
K16: =subt -> #NAME? | L16: =B1() -> #REF!

Sheet ifs formula
A1: S.No | B1: Name | C1: Hindi | D1: English | E1: Math | F1: Science | G1: total marks | H1: result
A2: 1 | B2: Aman | C2: 78 | D2: 82 | E2: 69 | F2: 75 | G2: =SUM(C2:F2) -> 304 | H2: =IF(G2>=300,"excelent",IF(G2>=250,"good",IF(G2>=150,"bad","fail"))) -> excelent | I2: =I4 -> exc
A3: 2 | B3: Ravi | C3: 65 | D3: 70 | E3: 72 | F3: 68 | G3: =SUM(C3:F3) -> 275 | H3: =IF(G3>=300,"excelent",IF(G3>=250,"good",IF(G3>=150,"bad","fail"))) -> good | I3: =_xlfn.IFS(G3>=300,"exc",G3>=250,"good",G3>=150,"bad",G3<150,"fail") -> good
A4: 3 | B4: Neha | C4: 88 | D4: 90 | E4: 85 | F4: 87 | G4: =SUM(C4:F4) -> 350 | H4: =IF(G4>=300,"excelent",IF(G4>=250,"good",IF(G4>=150,"bad","fail"))) -> excelent | I4: =_xlfn.IFS(G4>=300,"exc",G4>=250,"good",G4>=150,"bad",G4<150,"fail") -> exc
A5: 4 | B5: Pooja | C5: 55 | D5: 60 | E5: 58 | F5: 62 | G5: =SUM(C5:F5) -> 235 | H5: =IF(G5>=300,"excelent",IF(G5>=250,"good",IF(G5>=150,"bad","fail"))) -> bad | I5: =_xlfn.IFS(G5>=300,"exc",G5>=250,"good",G5>=150,"bad",G5<150,"fail") -> bad
A6: 5 | B6: Karan | C6: 72 | D6: 68 | E6: 74 | F6: 70 | G6: =SUM(C6:F6) -> 284 | H6: =IF(G6>=300,"excelent",IF(G6>=250,"good",IF(G6>=150,"bad","fail"))) -> good | I6: =_xlfn.IFS(G6>=300,"exc",G6>=250,"good",G6>=150,"bad",G6<150,"fail") -> good
A7: 6 | B7: Simran | C7: 91 | D7: 85 | E7: 89 | F7: 92 | G7: =SUM(C7:F7) -> 357 | H7: =IF(G7>=300,"excelent",IF(G7>=250,"good",IF(G7>=150,"bad","fail"))) -> excelent | I7: =_xlfn.IFS(G7>=300,"exc",G7>=250,"good",G7>=150,"bad",G7<150,"fail") -> exc
A8: 7 | B8: Arjun | C8: 60 | D8: 64 | E8: -55 | F8: 58 | G8: =SUM(C8:F8) -> 127 | H8: =IF(G8>=300,"excelent",IF(G8>=250,"good",IF(G8>=150,"bad","fail"))) -> fail | I8: =_xlfn.IFS(G8>=300,"exc",G8>=250,"good",G8>=150,"bad",G8<150,"fail") -> fail
A9: 8 | B9: Meena | C9: 83 | D9: 79 | E9: 80 | F9: 76 | G9: =SUM(C9:F9) -> 318 | H9: =IF(G9>=300,"excelent",IF(G9>=250,"good",IF(G9>=150,"bad","fail"))) -> excelent | I9: =_xlfn.IFS(G9>=300,"exc",G9>=250,"good",G9>=150,"bad",G9<150,"fail") -> exc
A10: 9 | B10: Rohit | C10: 47 | D10: 52 | E10: 49 | F10: 45 | G10: =SUM(C10:F10) -> 193 | H10: =IF(G10>=300,"excelent",IF(G10>=250,"good",IF(G10>=150,"bad","fail"))) -> bad | I10: =_xlfn.IFS(G10>=300,"exc",G10>=250,"good",G10>=150,"bad",G10<150,"fail") -> bad
A11: 10 | B11: Priya | C11: 76 | D11: 81 | E11: 73 | F11: 78 | G11: =SUM(C11:F11) -> 308 | H11: =IF(G11>=300,"excelent",IF(G11>=250,"good",IF(G11>=150,"bad","fail"))) -> excelent | I11: =_xlfn.IFS(G11>=300,"exc",G11>=250,"good",G11>=150,"bad",G11<150,"fail") -> exc
A12: 11 | B12: Deepak | C12: 69 | D12: 65 | E12: 71 | F12: 67 | G12: =SUM(C12:F12) -> 272 | H12: =IF(G12>=300,"excelent",IF(G12>=250,"good",IF(G12>=150,"bad","fail"))) -> good | I12: =_xlfn.IFS(G12>=300,"exc",G12>=250,"good",G12>=150,"bad",G12<150,"fail") -> good
A13: 12 | B13: Anjali | C13: 92 | D13: 88 | E13: 95 | F13: 90 | G13: =SUM(C13:F13) -> 365 | H13: =IF(G13>=300,"excelent",IF(G13>=250,"good",IF(G13>=150,"bad","fail"))) -> excelent | I13: =_xlfn.IFS(G13>=300,"exc",G13>=250,"good",G13>=150,"bad",G13<150,"fail") -> exc

Sheet insert tab
